Date,Breadth
2015-01-01,0.0
2015-01-02,0.0
2015-01-05,0.0
2015-01-06,0.0
2015-01-07,0.0
2015-01-08,0.0
2015-01-09,0.0
2015-01-12,0.0
2015-01-13,0.0
2015-01-14,0.0
2015-01-15,0.0
2015-01-16,0.0
2015-01-19,0.0
2015-01-20,0.0
2015-01-21,0.0
2015-01-22,0.0
2015-01-23,0.0
2015-01-27,0.0
2015-01-28,0.0
2015-01-29,0.0
2015-01-30,0.0
2015-02-02,0.0
2015-02-03,0.0
2015-02-04,0.0
2015-02-05,0.0
2015-02-06,0.0
2015-02-09,0.0
2015-02-10,0.0
2015-02-11,0.0
2015-02-12,0.0
2015-02-13,0.0
2015-02-16,0.0
2015-02-18,0.0
2015-02-19,0.0
2015-02-20,0.0
2015-02-23,0.0
2015-02-24,0.0
2015-02-25,0.0
2015-02-26,0.0
2015-02-27,0.0
2015-03-02,0.0
2015-03-03,0.0
2015-03-04,0.0
2015-03-05,0.0
2015-03-09,0.0
2015-03-10,0.0
2015-03-11,0.0
2015-03-12,0.0
2015-03-13,0.0
2015-03-16,0.0
2015-03-17,0.0
2015-03-18,0.0
2015-03-19,0.0
2015-03-20,0.0
2015-03-23,0.0
2015-03-24,0.0
2015-03-25,0.0
2015-03-26,0.0
2015-03-27,0.0
2015-03-30,0.0
2015-03-31,0.0
2015-04-01,0.0
2015-04-06,0.0
2015-04-07,0.0
2015-04-08,0.0
2015-04-09,0.0
2015-04-10,0.0
2015-04-13,0.0
2015-04-15,0.0
2015-04-16,0.0
2015-04-17,0.0
2015-04-20,0.0
2015-04-21,0.0
2015-04-22,0.0
2015-04-23,0.0
2015-04-24,0.0
2015-04-27,0.0
2015-04-28,0.0
2015-04-29,0.0
2015-04-30,0.0
2015-05-04,0.0
2015-05-05,0.0
2015-05-06,0.0
2015-05-07,0.0
2015-05-08,0.0
2015-05-11,0.0
2015-05-12,0.0
2015-05-13,0.0
2015-05-14,0.0
2015-05-15,0.0
2015-05-18,0.0
2015-05-19,0.0
2015-05-20,0.0
2015-05-21,0.0
2015-05-22,0.0
2015-05-25,0.0
2015-05-26,0.0
2015-05-27,0.0
2015-05-28,0.0
2015-05-29,0.0
2015-06-01,0.0
2015-06-02,0.0
2015-06-03,0.0
2015-06-04,0.0
2015-06-05,0.0
2015-06-08,0.0
2015-06-09,0.0
2015-06-10,0.0
2015-06-11,0.0
2015-06-12,0.0
2015-06-15,0.0
2015-06-16,0.0
2015-06-17,0.0
2015-06-18,0.0
2015-06-19,0.0
2015-06-22,0.0
2015-06-23,0.0
2015-06-24,0.0
2015-06-25,0.0
2015-06-26,0.0
2015-06-29,0.0
2015-06-30,0.0
2015-07-01,0.0
2015-07-02,0.0
2015-07-03,0.0
2015-07-06,0.0
2015-07-07,0.0
2015-07-08,0.0
2015-07-09,0.0
2015-07-10,0.0
2015-07-13,0.0
2015-07-14,0.0
2015-07-15,0.0
2015-07-16,0.0
2015-07-17,0.0
2015-07-20,0.0
2015-07-21,0.0
2015-07-22,0.0
2015-07-23,0.0
2015-07-24,0.0
2015-07-27,0.0
2015-07-28,0.0
2015-07-29,0.0
2015-07-30,0.0
2015-07-31,0.0
2015-08-03,0.0
2015-08-04,0.0
2015-08-05,0.0
2015-08-06,0.0
2015-08-07,0.0
2015-08-10,0.0
2015-08-11,0.0
2015-08-12,0.0
2015-08-13,0.0
2015-08-14,0.0
2015-08-17,0.0
2015-08-18,0.0
2015-08-19,0.0
2015-08-20,0.0
2015-08-21,0.0
2015-08-24,0.0
2015-08-25,0.0
2015-08-26,0.0
2015-08-27,0.0
2015-08-28,0.0
2015-08-31,0.0
2015-09-01,0.0
2015-09-02,0.0
2015-09-03,0.0
2015-09-04,0.0
2015-09-07,0.0
2015-09-08,0.0
2015-09-09,0.0
2015-09-10,0.0
2015-09-11,0.0
2015-09-14,0.0
2015-09-15,0.0
2015-09-16,0.0
2015-09-18,0.0
2015-09-21,0.0
2015-09-22,0.0
2015-09-23,0.0
2015-09-24,0.0
2015-09-28,0.0
2015-09-29,0.0
2015-09-30,0.0
2015-10-01,0.0
2015-10-05,0.0
2015-10-06,0.0
2015-10-07,0.0
2015-10-08,0.0
2015-10-09,0.0
2015-10-12,0.0
2015-10-13,0.0
2015-10-14,0.0
2015-10-15,0.0
2015-10-16,0.0
2015-10-19,0.0
2015-10-20,0.0
2015-10-21,52.94117647058824
2015-10-23,52.012383900928796
2015-10-26,50.77399380804953
2015-10-27,51.39318885448917
2015-10-28,49.22600619195047
2015-10-29,50.15479876160991
2015-10-30,47.6780185758514
2015-11-02,47.05882352941176
2015-11-03,47.987616099071204
2015-11-04,48.297213622291025
2015-11-05,46.13003095975232
2015-11-06,43.20987654320987
2015-11-09,44.44444444444444
2015-11-10,41.23076923076923
2015-11-13,41.84615384615385
2015-11-16,42.46153846153846
2015-11-17,43.38461538461538
2015-11-18,43.07692307692308
2015-11-19,46.15384615384615
2015-11-20,48.61538461538461
2015-11-23,48.0
2015-11-24,48.92307692307693
2015-11-26,50.76923076923077
2015-11-27,50.46153846153846
2015-11-30,52.61538461538462
2015-12-01,54.15384615384615
2015-12-02,55.69230769230769
2015-12-03,52.307692307692314
2015-12-04,50.46153846153846
2015-12-07,51.38461538461539
2015-12-08,50.153846153846146
2015-12-09,44.92307692307692
2015-12-10,47.69230769230769
2015-12-11,44.92307692307692
2015-12-14,46.46153846153846
2015-12-15,48.92307692307693
2015-12-16,49.23076923076923
2015-12-17,53.84615384615385
2015-12-18,53.230769230769226
2015-12-21,54.769230769230774
2015-12-22,53.53846153846153
2015-12-23,54.12844036697248
2015-12-24,54.12844036697248
2015-12-28,56.269113149847094
2015-12-29,56.269113149847094
2015-12-30,57.18654434250765
2015-12-31,56.574923547400616
2016-01-01,59.021406727828754
2016-01-04,54.74006116207951
2016-01-05,56.574923547400616
2016-01-06,56.40243902439024
2016-01-07,51.21951219512195
2016-01-08,53.35365853658537
2016-01-11,52.13414634146341
2016-01-12,49.390243902439025
2016-01-13,46.34146341463415
2016-01-14,42.073170731707314
2016-01-15,34.146341463414636
2016-01-18,27.439024390243905
2016-01-19,30.182926829268293
2016-01-20,26.21951219512195
2016-01-21,27.743902439024392
2016-01-22,31.402439024390244
2016-01-25,32.6219512195122
2016-01-27,32.6219512195122
2016-01-28,32.926829268292686
2016-01-29,36.58536585365854
2016-02-01,38.41463414634146
2016-02-02,35.36585365853659
2016-02-03,29.878048780487802
2016-02-04,28.96341463414634
2016-02-05,34.146341463414636
2016-02-08,31.097560975609756
2016-02-09,28.65853658536585
2016-02-10,25.914634146341463
2016-02-11,17.378048780487802
2016-02-12,17.378048780487802
2016-02-15,20.426829268292682
2016-02-16,17.378048780487802
2016-02-17,18.597560975609756
2016-02-18,18.902439024390244
2016-02-19,19.817073170731707
2016-02-22,21.341463414634145
2016-02-23,18.902439024390244
2016-02-24,18.29268292682927
2016-02-25,15.853658536585366
2016-02-26,14.939024390243901
2016-02-29,14.634146341463413
2016-03-01,20.426829268292682
2016-03-02,22.5609756097561
2016-03-03,26.52439024390244
2016-03-04,28.04878048780488
2016-03-08,29.268292682926827
2016-03-09,30.48780487804878
2016-03-10,29.268292682926827
2016-03-11,29.268292682926827
2016-03-14,30.182926829268293
2016-03-15,28.04878048780488
2016-03-16,27.743902439024392
2016-03-17,29.573170731707314
2016-03-18,30.48780487804878
2016-03-21,35.0609756097561
2016-03-22,37.19512195121951
2016-03-23,39.329268292682926
2016-03-28,33.84146341463415
2016-03-29,34.45121951219512
2016-03-30,41.76829268292683
2016-03-31,41.76829268292683
2016-04-01,42.98780487804878
2016-04-04,47.256097560975604
2016-04-05,39.9390243902439
2016-04-06,43.292682926829265
2016-04-07,41.15853658536585
2016-04-08,43.90243902439025
2016-04-11,46.34146341463415
2016-04-12,48.78048780487805
2016-04-13,52.4390243902439
2016-04-18,55.487804878048784
2016-04-20,57.62195121951219
2016-04-21,57.62195121951219
2016-04-22,57.3170731707317
2016-04-25,55.79268292682927
2016-04-26,57.62195121951219
2016-04-27,58.536585365853654
2016-04-28,54.87804878048781
2016-04-29,54.57317073170732
2016-05-02,55.487804878048784
2016-05-03,54.87804878048781
2016-05-04,52.4390243902439
2016-05-05,52.743902439024396
2016-05-06,51.52439024390244
2016-05-09,53.65853658536586
2016-05-10,55.487804878048784
2016-05-11,54.57317073170732
2016-05-12,57.92682926829268
2016-05-13,56.23100303951368
2016-05-16,57.446808510638306
2016-05-17,57.75075987841946
2016-05-18,59.27051671732523
2016-05-19,55.92705167173252
2016-05-20,54.40729483282675
2016-05-23,51.3677811550152
2016-05-24,50.15197568389058
2016-05-25,53.799392097264445
2016-05-26,55.62310030395137
2016-05-27,56.838905775075986
2016-05-30,57.14285714285714
2016-05-31,56.53495440729483
2016-06-01,58.05471124620061
2016-06-02,59.57446808510638
2016-06-03,58.35866261398176
2016-06-06,59.57446808510638
2016-06-07,62.31003039513677
2016-06-08,63.22188449848024
2016-06-09,64.74164133738601
2016-06-10,63.829787234042556
2016-06-13,63.525835866261396
2016-06-14,64.43768996960486
2016-06-15,66.36363636363637
2016-06-16,65.15151515151516
2016-06-17,66.66666666666666
2016-06-20,67.57575757575758
2016-06-21,67.87878787878789
2016-06-22,67.57575757575758
2016-06-23,67.57575757575758
2016-06-24,61.81818181818181
2016-06-27,63.63636363636363
2016-06-28,67.57575757575758
2016-06-29,68.78787878787878
2016-06-30,72.42424242424242
2016-07-01,74.01812688821752
2016-07-04,76.13293051359517
2016-07-05,76.73716012084593
2016-07-07,75.52870090634441
2016-07-08,74.92447129909365
2016-07-11,77.64350453172206
2016-07-12,77.0392749244713
2016-07-13,76.73716012084593
2016-07-14,77.0392749244713
2016-07-15,75.22658610271903
2016-07-18,74.62235649546828
2016-07-19,74.62235649546828
2016-07-20,77.34138972809667
2016-07-21,75.6024096385542
2016-07-22,75.6024096385542
2016-07-25,76.80722891566265
2016-07-26,75.90361445783132
2016-07-27,75.90361445783132
2016-07-28,77.71084337349397
2016-07-29,77.10843373493977
2016-08-01,76.50602409638554
2016-08-02,75.90361445783132
2016-08-03,74.3975903614458
2016-08-04,74.69879518072288
2016-08-05,78.01204819277109
2016-08-08,78.91566265060241
2016-08-09,79.51807228915662
2016-08-10,77.10843373493977
2016-08-11,77.10843373493977
2016-08-12,77.40963855421687
2016-08-16,75.30120481927712
2016-08-17,76.20481927710844
2016-08-18,78.3132530120482
2016-08-19,79.21686746987952
2016-08-22,78.91566265060241
2016-08-23,78.01204819277109
2016-08-24,79.81927710843374
2016-08-25,80.72289156626506
2016-08-26,79.21686746987952
2016-08-29,77.40963855421687
2016-08-30,79.21686746987952
2016-08-31,78.37837837837837
2016-09-01,77.77777777777779
2016-09-02,78.97897897897897
2016-09-06,80.18018018018019
2016-09-07,80.48048048048048
2016-09-08,81.68168168168168
2016-09-09,80.78078078078079
2016-09-12,78.97897897897897
2016-09-14,78.67867867867868
2016-09-15,78.97897897897897
2016-09-16,78.37837837837837
2016-09-19,79.27927927927928
2016-09-20,78.37837837837837
2016-09-21,78.67867867867868
2016-09-22,79.87987987987988
2016-09-23,79.04191616766467
2016-09-26,77.24550898203593
2016-09-27,77.54491017964071
2016-09-28,77.54491017964071
2016-09-29,72.83582089552239
2016-09-30,74.02985074626865
2016-10-03,78.2089552238806
2016-10-04,77.91044776119404
2016-10-05,78.80597014925374
2016-10-06,78.2089552238806
2016-10-07,79.40298507462687
2016-10-10,78.50746268656717
2016-10-13,76.4179104477612
2016-10-14,76.11940298507463
2016-10-17,75.82089552238806
2016-10-18,77.61194029850746
2016-10-19,77.67857142857143
2016-10-20,78.27380952380952
2016-10-21,79.16666666666666
2016-10-24,78.86904761904762
2016-10-25,78.86904761904762
2016-10-26,79.46428571428571
2016-10-27,77.38095238095238
2016-10-28,77.97619047619048
2016-11-01,78.27380952380952
2016-11-02,77.67857142857143
2016-11-03,75.29761904761905
2016-11-04,72.02380952380952
2016-11-07,73.59050445103857
2016-11-08,73.37278106508876
2016-11-09,69.23076923076923
2016-11-10,71.89349112426035
2016-11-11,66.27218934911244
2016-11-15,56.80473372781065
2016-11-16,57.98816568047337
2016-11-17,55.917159763313606
2016-11-18,55.02958579881657
2016-11-21,49.40828402366864
2016-11-22,52.071005917159766
2016-11-23,55.917159763313606
2016-11-24,54.142011834319526
2016-11-25,57.98816568047337
2016-11-28,60.35502958579882
2016-11-29,62.42603550295858
2016-11-30,65.08875739644971
2016-12-01,64.20118343195266
2016-12-02,59.76331360946746
2016-12-05,60.946745562130175
2016-12-06,60.946745562130175
2016-12-07,60.650887573964496
2016-12-08,63.905325443786985
2016-12-09,64.49704142011834
2016-12-12,61.24260355029586
2016-12-13,60.946745562130175
2016-12-14,59.171597633136095
2016-12-15,58.57988165680473
2016-12-16,57.692307692307686
2016-12-19,55.75221238938053
2016-12-20,53.687315634218294
2016-12-21,53.09734513274337
2016-12-22,51.03244837758112
2016-12-23,50.442477876106196
2016-12-26,44.83775811209439
2016-12-27,48.08259587020649
2016-12-28,49.557522123893804
2016-12-29,53.09734513274337
2016-12-30,54.572271386430685
2017-01-02,54.572271386430685
2017-01-03,56.04719764011799
2017-01-04,57.227138643067846
2017-01-05,59.29203539823009
2017-01-06,58.4070796460177
2017-01-09,57.817109144542776
2017-01-10,58.4070796460177
2017-01-11,60.766961651917406
2017-01-12,61.35693215339233
2017-01-13,61.35693215339233
2017-01-16,60.766961651917406
2017-01-17,61.94690265486725
2017-01-18,63.12684365781711
2017-01-19,64.89675516224189
2017-01-20,61.6519174041298
2017-01-23,60.766961651917406
2017-01-24,64.30678466076697
2017-01-25,66.3716814159292
2017-01-27,67.2566371681416
2017-01-30,68.43657817109144
2017-01-31,65.19174041297934
2017-02-01,69.32153392330383
2017-02-02,71.68141592920354
2017-02-03,74.41176470588235
2017-02-06,74.41176470588235
2017-02-07,73.82352941176471
2017-02-08,74.41176470588235
2017-02-09,76.17647058823529
2017-02-10,75.29411764705883
2017-02-13,72.35294117647058
2017-02-14,70.88235294117648
2017-02-15,66.76470588235294
2017-02-16,69.70588235294117
2017-02-17,70.88235294117648
2017-02-20,72.94117647058823
2017-02-21,73.52941176470588
2017-02-22,72.94117647058823
2017-02-23,73.52941176470588
2017-02-27,72.05882352941177
2017-02-28,72.6470588235294
2017-03-01,74.70588235294117
2017-03-02,73.52941176470588
2017-03-03,72.94117647058823
2017-03-06,74.41176470588235
2017-03-07,72.05882352941177
2017-03-08,72.35294117647058
2017-03-09,72.94117647058823
2017-03-10,72.94117647058823
2017-03-14,74.11764705882354
2017-03-15,76.47058823529412
2017-03-16,76.76470588235294
2017-03-17,78.52941176470588
2017-03-20,78.23529411764706
2017-03-21,78.00586510263929
2017-03-22,75.95307917888563
2017-03-23,78.00586510263929
2017-03-24,78.59237536656892
2017-03-27,77.71260997067448
2017-03-28,78.00586510263929
2017-03-29,79.17888563049853
2017-03-30,78.00586510263929
2017-03-31,80.05865102639295
2017-04-03,80.93841642228739
2017-04-05,81.81818181818183
2017-04-06,82.69794721407625
2017-04-07,82.11143695014663
2017-04-10,82.99120234604106
2017-04-11,84.1642228739003
2017-04-12,82.99120234604106
2017-04-13,82.11143695014663
2017-04-17,82.11143695014663
2017-04-18,80.64516129032258
2017-04-19,80.64516129032258
2017-04-20,82.40469208211144
2017-04-21,81.81818181818183
2017-04-24,82.99120234604106
2017-04-25,84.1642228739003
2017-04-26,84.1642228739003
2017-04-27,83.57771260997067
2017-04-28,83.87096774193549
2017-05-02,84.1642228739003
2017-05-03,82.69794721407625
2017-05-04,83.28445747800586
2017-05-05,81.81818181818183
2017-05-08,82.69794721407625
2017-05-09,83.28445747800586
2017-05-10,84.75073313782991
2017-05-11,85.04398826979472
2017-05-12,83.57771260997067
2017-05-15,84.75073313782991
2017-05-16,84.4574780058651
2017-05-17,84.75073313782991
2017-05-18,81.81818181818183
2017-05-19,80.99415204678363
2017-05-22,79.53216374269006
2017-05-23,74.56140350877193
2017-05-24,70.76023391812866
2017-05-25,73.09941520467837
2017-05-26,75.73099415204678
2017-05-29,71.9298245614035
2017-05-30,73.09941520467837
2017-05-31,74.26900584795322
2017-06-01,74.56140350877193
2017-06-02,75.14619883040936
2017-06-05,76.31578947368422
2017-06-06,73.9766081871345
2017-06-07,75.43859649122807
2017-06-08,75.73099415204678
2017-06-09,75.43859649122807
2017-06-12,75.14619883040936
2017-06-13,75.73099415204678
2017-06-14,76.0233918128655
2017-06-15,75.43859649122807
2017-06-16,76.31578947368422
2017-06-19,76.0233918128655
2017-06-20,76.31578947368422
2017-06-21,75.43859649122807
2017-06-22,74.56140350877193
2017-06-23,73.09941520467837
2017-06-27,69.38775510204081
2017-06-28,69.97084548104957
2017-06-29,71.7201166180758
2017-06-30,71.8840579710145
2017-07-03,74.20289855072464
2017-07-04,74.20289855072464
2017-07-05,75.65217391304347
2017-07-06,75.94202898550725
2017-07-07,77.10144927536233
2017-07-10,78.26086956521739
2017-07-11,77.16763005780348
2017-07-12,77.16763005780348
2017-07-13,77.16763005780348
2017-07-14,78.61271676300578
2017-07-17,77.74566473988439
2017-07-18,75.14450867052022
2017-07-19,77.16763005780348
2017-07-20,77.16763005780348
2017-07-21,77.45664739884393
2017-07-24,78.32369942196532
2017-07-25,77.74566473988439
2017-07-26,78.61271676300578
2017-07-27,78.32369942196532
2017-07-28,78.03468208092485
2017-07-31,78.61271676300578
2017-08-01,78.03468208092485
2017-08-02,78.32369942196532
2017-08-03,75.72254335260115
2017-08-04,76.01156069364163
2017-08-07,77.45664739884393
2017-08-08,76.01156069364163
2017-08-09,71.96531791907515
2017-08-10,66.76300578034682
2017-08-11,66.28242074927954
2017-08-14,69.7406340057637
2017-08-16,72.3342939481268
2017-08-17,72.62247838616715
2017-08-18,71.46974063400576
2017-08-21,68.01152737752162
2017-08-22,66.85878962536023
2017-08-23,68.58789625360231
2017-08-24,69.7406340057637
2017-08-28,70.89337175792507
2017-08-29,68.87608069164266
2017-08-30,70.31700288184439
2017-08-31,70.89337175792507
2017-09-01,72.98850574712644
2017-09-04,70.6896551724138
2017-09-05,70.6896551724138
2017-09-06,70.40229885057471
2017-09-07,69.82758620689656
2017-09-08,69.82758620689656
2017-09-11,70.6896551724138
2017-09-12,74.13793103448276
2017-09-13,72.41379310344827
2017-09-14,73.5632183908046
2017-09-15,73.85057471264368
2017-09-18,75.07163323782235
2017-09-19,75.35816618911176
2017-09-20,76.21776504297995
2017-09-21,74.49856733524355
2017-09-22,68.76790830945558
2017-09-25,65.90257879656161
2017-09-26,67.621776504298
2017-09-27,62.28571428571429
2017-09-28,63.714285714285715
2017-09-29,66.57142857142857
2017-10-03,67.52136752136752
2017-10-04,68.09116809116809
2017-10-05,68.66096866096866
2017-10-06,70.37037037037037
2017-10-09,70.37037037037037
2017-10-10,70.37037037037037
2017-10-11,69.23076923076923
2017-10-12,70.08547008547008
2017-10-13,71.50997150997152
2017-10-16,71.5909090909091
2017-10-17,71.5909090909091
2017-10-18,70.73863636363636
2017-10-19,70.73863636363636
2017-10-23,70.25495750708215
2017-10-24,71.10481586402267
2017-10-25,75.42372881355932
2017-10-26,75.14124293785311
2017-10-27,75.98870056497175
2017-10-30,76.55367231638418
2017-10-31,77.40112994350282
2017-11-01,77.40112994350282
2017-11-02,78.87323943661971
2017-11-03,78.87323943661971
2017-11-06,78.37078651685393
2017-11-07,77.24719101123596
2017-11-08,75.28089887640449
2017-11-09,75.56179775280899
2017-11-10,76.40449438202246
2017-11-13,74.50980392156863
2017-11-14,73.38935574229691
2017-11-15,70.30812324929971
2017-11-16,72.82913165266106
2017-11-17,74.02234636871509
2017-11-20,74.58100558659217
2017-11-21,74.86033519553072
2017-11-22,74.86033519553072
2017-11-23,75.13966480446928
2017-11-24,75.41899441340783
2017-11-27,76.81564245810057
2017-11-28,76.53631284916202
2017-11-29,76.53631284916202
2017-11-30,74.86033519553072
2017-12-01,74.30167597765363
2017-12-04,72.06703910614524
2017-12-05,71.22905027932961
2017-12-06,69.55307262569832
2017-12-07,72.3463687150838
2017-12-08,73.46368715083798
2017-12-11,74.02234636871509
2017-12-12,72.06703910614524
2017-12-13,71.50837988826815
2017-12-14,70.39106145251397
2017-12-15,71.7877094972067
2017-12-18,72.62569832402235
2017-12-19,76.53631284916202
2017-12-20,77.37430167597765
2017-12-21,77.93296089385476
2017-12-22,78.49162011173185
2017-12-26,79.05027932960894
2017-12-27,80.44692737430168
2017-12-28,78.49162011173185
2017-12-29,79.60893854748603
2018-01-01,79.88826815642457
2018-01-02,79.88826815642457
2018-01-03,79.3296089385475
2018-01-04,79.60893854748603
2018-01-05,82.68156424581005
2018-01-08,84.35754189944134
2018-01-09,84.63687150837988
2018-01-10,82.9608938547486
2018-01-11,82.12290502793296
2018-01-12,82.12290502793296
2018-01-15,82.9608938547486
2018-01-16,78.77094972067039
2018-01-17,80.16759776536313
2018-01-18,79.05027932960894
2018-01-19,79.05027932960894
2018-01-22,79.60893854748603
2018-01-23,79.3296089385475
2018-01-24,78.49162011173185
2018-01-25,78.2122905027933
2018-01-29,74.93036211699165
2018-01-30,73.33333333333333
2018-01-31,71.38888888888889
2018-02-01,72.5
2018-02-02,62.22222222222222
2018-02-05,61.66666666666667
2018-02-06,55.55555555555556
2018-02-07,57.49999999999999
2018-02-08,62.5
2018-02-09,60.83333333333333
2018-02-12,65.0
2018-02-14,66.94444444444444
2018-02-15,63.33333333333333
2018-02-16,60.55555555555555
2018-02-19,56.94444444444444
2018-02-20,57.49999999999999
2018-02-21,55.27777777777778
2018-02-22,54.166666666666664
2018-02-23,58.05555555555556
2018-02-26,60.11080332409973
2018-02-27,59.0027700831025
2018-02-28,57.89473684210527
2018-03-01,56.78670360110804
2018-03-05,53.18559556786704
2018-03-06,50.41551246537396
2018-03-07,47.92243767313019
2018-03-08,47.64542936288089
2018-03-09,47.92243767313019
2018-03-12,50.96952908587258
2018-03-13,51.8005540166205
2018-03-14,51.52354570637119
2018-03-15,50.69252077562327
2018-03-16,47.368421052631575
2018-03-19,43.76731301939058
2018-03-20,44.87534626038781
2018-03-21,45.15235457063712
2018-03-22,42.93628808864266
2018-03-23,39.50276243093923
2018-03-26,41.988950276243095
2018-03-27,45.45454545454545
2018-03-28,44.62809917355372
2018-04-02,46.7032967032967
2018-04-03,47.8021978021978
2018-04-04,46.97802197802198
2018-04-05,52.74725274725275
2018-04-06,51.098901098901095
2018-04-09,52.32876712328767
2018-04-10,52.32876712328767
2018-04-11,53.42465753424658
2018-04-12,52.32876712328767
2018-04-13,53.15068493150685
2018-04-16,54.24657534246575
2018-04-17,53.42465753424658
2018-04-18,53.97260273972603
2018-04-19,56.71232876712329
2018-04-20,56.16438356164384
2018-04-23,55.06849315068493
2018-04-24,53.6986301369863
2018-04-25,52.054794520547944
2018-04-26,52.87671232876713
2018-04-27,55.342465753424655
2018-04-30,57.26027397260274
2018-05-02,54.24657534246575
2018-05-03,52.32876712328767
2018-05-04,50.41095890410959
2018-05-07,50.95890410958904
2018-05-08,52.32876712328767
2018-05-09,50.136986301369866
2018-05-10,47.671232876712324
2018-05-11,47.397260273972606
2018-05-14,46.3013698630137
2018-05-15,43.83561643835616
2018-05-16,42.73972602739726
2018-05-17,43.56164383561644
2018-05-18,41.369863013698634
2018-05-21,38.082191780821915
2018-05-22,38.9041095890411
2018-05-23,37.80821917808219
2018-05-24,37.534246575342465
2018-05-25,40.54794520547945
2018-05-28,42.465753424657535
2018-05-29,41.369863013698634
2018-05-30,42.465753424657535
2018-05-31,41.917808219178085
2018-06-01,38.63013698630137
2018-06-04,35.61643835616438
2018-06-05,32.602739726027394
2018-06-06,35.342465753424655
2018-06-07,38.9041095890411
2018-06-08,38.35616438356164
2018-06-11,38.082191780821915
2018-06-12,40.821917808219176
2018-06-13,40.273972602739725
2018-06-14,40.0
2018-06-15,39.45205479452055
2018-06-18,36.885245901639344
2018-06-19,36.33879781420765
2018-06-20,36.0655737704918
2018-06-21,34.15300546448087
2018-06-22,34.97267759562842
2018-06-25,31.420765027322407
2018-06-26,31.693989071038253
2018-06-27,29.23497267759563
2018-06-28,26.229508196721312
2018-06-29,29.23497267759563
2018-07-02,28.415300546448087
2018-07-03,29.427792915531338
2018-07-04,30.24523160762943
2018-07-05,28.882833787465938
2018-07-06,29.155313351498634
2018-07-09,30.517711171662125
2018-07-10,32.42506811989101
2018-07-11,31.33514986376022
2018-07-12,31.062670299727518
2018-07-13,31.062670299727518
2018-07-16,28.337874659400548
2018-07-17,28.882833787465938
2018-07-18,28.337874659400548
2018-07-19,26.975476839237057
2018-07-20,26.158038147138964
2018-07-23,28.065395095367844
2018-07-24,31.607629427792915
2018-07-25,31.607629427792915
2018-07-26,32.69754768392371
2018-07-27,34.05994550408719
2018-07-30,35.14986376021799
2018-07-31,36.51226158038147
2018-08-01,37.05722070844686
2018-08-02,37.05722070844686
2018-08-03,39.23705722070845
2018-08-06,39.130434782608695
2018-08-07,39.130434782608695
2018-08-08,37.77173913043478
2018-08-09,39.67391304347826
2018-08-10,38.315217391304344
2018-08-13,35.869565217391305
2018-08-14,38.858695652173914
2018-08-16,36.41304347826087
2018-08-17,38.858695652173914
2018-08-20,39.94565217391305
2018-08-21,41.03260869565217
2018-08-23,40.10840108401084
2018-08-24,39.56639566395664
2018-08-27,41.734417344173444
2018-08-28,41.734417344173444
2018-08-29,42.27642276422765
2018-08-30,45.25745257452575
2018-08-31,46.883468834688344
2018-09-03,44.44444444444444
2018-09-04,40.37940379403794
2018-09-05,40.37940379403794
2018-09-06,42.27642276422765
2018-09-07,43.90243902439025
2018-09-10,40.921409214092144
2018-09-11,36.58536585365854
2018-09-12,38.21138211382114
2018-09-14,41.46341463414634
2018-09-17,41.46341463414634
2018-09-18,36.856368563685635
2018-09-19,36.043360433604335
2018-09-21,32.79132791327913
2018-09-24,29.81029810298103
2018-09-25,29.81029810298103
2018-09-26,29.539295392953928
2018-09-27,27.371273712737125
2018-09-28,24.594594594594597
2018-10-01,25.135135135135133
2018-10-03,24.054054054054056
2018-10-04,19.45945945945946
2018-10-05,15.945945945945947
2018-10-08,15.633423180592992
2018-10-09,13.477088948787062
2018-10-10,19.67654986522911
2018-10-11,16.172506738544474
2018-10-12,20.754716981132077
2018-10-15,21.563342318059302
2018-10-16,24.258760107816713
2018-10-17,21.293800539083556
2018-10-19,19.137466307277627
2018-10-22,18.328840970350406
2018-10-23,15.363881401617252
2018-10-24,16.129032258064516
2018-10-25,16.397849462365592
2018-10-26,15.053763440860216
2018-10-29,18.27956989247312
2018-10-30,20.43010752688172
2018-10-31,22.043010752688172
2018-11-01,22.849462365591396
2018-11-02,25.537634408602152
2018-11-05,24.932975871313673
2018-11-06,24.396782841823057
2018-11-07,26.005361930294907
2018-11-09,28.686327077747993
2018-11-12,26.273458445040216
2018-11-13,26.541554959785525
2018-11-14,27.34584450402145
2018-11-15,27.34584450402145
2018-11-16,27.07774798927614
2018-11-19,28.9544235924933
2018-11-20,26.80965147453083
2018-11-21,28.686327077747993
2018-11-22,27.07774798927614
2018-11-26,26.273458445040216
2018-11-27,26.80965147453083
2018-11-28,27.34584450402145
2018-11-29,27.61394101876676
2018-11-30,31.36729222520107
2018-12-03,32.171581769437
2018-12-04,31.903485254691688
2018-12-05,29.49061662198391
2018-12-06,27.882037533512065
2018-12-07,27.07774798927614
2018-12-10,24.396782841823057
2018-12-11,27.34584450402145
2018-12-12,31.63538873994638
2018-12-13,33.78016085790885
2018-12-14,34.316353887399465
2018-12-17,34.316353887399465
2018-12-18,36.46112600536193
2018-12-19,38.337801608579085
2018-12-20,39.946380697050934
2018-12-21,36.36363636363637
2018-12-24,33.155080213903744
2018-12-26,34.75935828877005
2018-12-27,36.096256684491976
2018-12-28,37.967914438502675
2018-12-31,39.037433155080215
2019-01-01,39.57219251336899
2019-01-02,37.967914438502675
2019-01-03,35.02673796791444
2019-01-04,36.36363636363637
2019-01-07,36.63101604278075
2019-01-08,37.70053475935829
2019-01-09,36.898395721925134
2019-01-10,36.63101604278075
2019-01-11,36.63101604278075
2019-01-14,34.75935828877005
2019-01-15,36.898395721925134
2019-01-16,37.70053475935829
2019-01-17,37.4331550802139
2019-01-18,35.56149732620321
2019-01-21,33.42245989304813
2019-01-22,33.68983957219251
2019-01-23,32.62032085561498
2019-01-24,33.155080213903744
2019-01-25,29.67914438502674
2019-01-28,27.00534759358289
2019-01-29,27.807486631016044
2019-01-30,27.540106951871657
2019-01-31,28.609625668449194
2019-02-01,30.74866310160428
2019-02-04,28.609625668449194
2019-02-05,28.07486631016043
2019-02-06,28.609625668449194
2019-02-07,29.86666666666667
2019-02-08,29.333333333333332
2019-02-11,27.200000000000003
2019-02-12,25.866666666666667
2019-02-14,25.066666666666666
2019-02-15,21.866666666666667
2019-02-18,22.666666666666664
2019-02-19,22.400000000000002
2019-02-20,22.933333333333334
2019-02-21,24.8
2019-02-22,27.200000000000003
2019-02-25,26.93333333333333
2019-02-26,27.73333333333333
2019-02-27,28.53333333333333
2019-02-28,32.53333333333333
2019-03-01,34.4
2019-03-05,38.93333333333333
2019-03-06,39.733333333333334
2019-03-07,41.6
2019-03-08,40.0
2019-03-11,47.733333333333334
2019-03-12,52.53333333333333
2019-03-13,50.4
2019-03-14,50.13333333333333
2019-03-15,49.06666666666666
2019-03-18,49.6
2019-03-19,50.93333333333333
2019-03-20,49.6
2019-03-22,47.733333333333334
2019-03-25,45.33333333333333
2019-03-26,47.46666666666667
2019-03-27,49.333333333333336
2019-03-28,51.46666666666667
2019-04-01,55.46666666666666
2019-04-02,54.666666666666664
2019-04-03,53.6
2019-04-04,52.800000000000004
2019-04-05,54.13333333333333
2019-04-08,52.800000000000004
2019-04-09,53.06666666666666
2019-04-10,52.0
2019-04-11,51.86170212765957
2019-04-12,54.78723404255319
2019-04-15,56.76392572944297
2019-04-16,56.613756613756614
2019-04-18,54.4973544973545
2019-04-22,50.131926121372025
2019-04-23,49.340369393139845
2019-04-24,50.65963060686016
2019-04-25,50.65963060686016
2019-04-26,49.86807387862797
2019-04-30,46.965699208443276
2019-05-02,46.965699208443276
2019-05-03,45.382585751978894
2019-05-06,41.42480211081794
2019-05-07,41.42480211081794
2019-05-08,38.258575197889186
2019-05-09,36.675461741424805
2019-05-10,37.203166226912934
2019-05-13,32.189973614775724
2019-05-14,33.50923482849604
2019-05-15,31.6622691292876
2019-05-16,32.98153034300791
2019-05-17,35.35620052770449
2019-05-20,45.64643799472295
2019-05-21,41.68865435356201
2019-05-22,41.16094986807388
2019-05-23,43.007915567282325
2019-05-24,48.54881266490765
2019-05-27,54.35356200527705
2019-05-28,53.825857519788926
2019-05-29,52.770448548812666
2019-05-30,53.562005277044854
2019-05-31,52.5065963060686
2019-06-03,53.29815303430079
2019-06-04,53.29815303430079
2019-06-06,49.86807387862797
2019-06-07,49.07651715039577
2019-06-10,49.6042216358839
2019-06-11,49.86807387862797
2019-06-12,48.02110817941953
2019-06-13,48.02110817941953
2019-06-14,46.965699208443276
2019-06-17,41.42480211081794
2019-06-18,41.42480211081794
2019-06-19,39.577836411609496
2019-06-20,42.480211081794195
2019-06-21,42.74406332453825
2019-06-24,43.27176781002638
2019-06-25,43.53562005277045
2019-06-26,46.701846965699204
2019-06-27,45.91029023746702
2019-06-28,47.4934036939314
2019-07-01,48.812664907651715
2019-07-02,49.07651715039577
2019-07-03,49.86807387862797
2019-07-04,50.526315789473685
2019-07-05,47.10526315789474
2019-07-08,41.31578947368421
2019-07-09,41.578947368421055
2019-07-10,40.0
2019-07-11,41.8421052631579
2019-07-12,41.578947368421055
2019-07-15,41.578947368421055
2019-07-16,42.63157894736842
2019-07-17,43.42105263157895
2019-07-18,42.368421052631575
2019-07-19,39.21052631578947
2019-07-22,37.368421052631575
2019-07-23,36.05263157894737
2019-07-24,35.26315789473684
2019-07-25,35.0
2019-07-26,36.31578947368421
2019-07-29,34.473684210526315
2019-07-30,31.57894736842105
2019-07-31,33.68421052631579
2019-08-01,30.263157894736842
2019-08-02,29.736842105263158
2019-08-05,26.052631578947366
2019-08-06,28.68421052631579
2019-08-07,27.89473684210526
2019-08-08,30.183727034120732
2019-08-09,30.971128608923888
2019-08-13,28.608923884514436
2019-08-14,28.083989501312335
2019-08-16,29.396325459317584
2019-08-19,30.36649214659686
2019-08-20,27.748691099476442
2019-08-21,26.439790575916227
2019-08-22,24.60732984293194
2019-08-23,24.60732984293194
2019-08-26,26.96335078534031
2019-08-27,29.84293193717277
2019-08-28,29.05759162303665
2019-08-29,29.05759162303665
2019-08-30,30.628272251308903
2019-09-03,28.79581151832461
2019-09-04,28.534031413612563
2019-09-05,29.84293193717277
2019-09-06,31.151832460732987
2019-09-09,33.50785340314136
2019-09-11,36.64921465968586
2019-09-12,35.86387434554974
2019-09-13,39.79057591623037
2019-09-16,39.52879581151832
2019-09-17,34.29319371727749
2019-09-18,34.81675392670157
2019-09-19,31.070496083550914
2019-09-20,42.297650130548305
2019-09-23,48.825065274151434
2019-09-24,47.78067885117493
2019-09-25,44.38642297650131
2019-09-26,46.21409921671018
2019-09-27,44.38642297650131
2019-09-30,44.64751958224543
2019-10-01,40.992167101827675
2019-10-03,39.686684073107045
2019-10-04,36.81462140992167
2019-10-07,35.24804177545692
2019-10-09,37.85900783289817
2019-10-10,36.29242819843342
2019-10-11,37.85900783289817
2019-10-14,38.80208333333333
2019-10-15,38.54166666666667
2019-10-16,39.22077922077922
2019-10-17,41.81818181818181
2019-10-18,47.01298701298701
2019-10-22,46.23376623376623
2019-10-23,47.27272727272727
2019-10-24,45.97402597402597
2019-10-25,45.19480519480519
2019-10-27,46.75324675324675
2019-10-29,48.83116883116883
2019-10-30,51.42857142857142
2019-10-31,53.5064935064935
2019-11-01,54.54545454545454
2019-11-04,56.36363636363636
2019-11-05,53.246753246753244
2019-11-06,52.98701298701298
2019-11-07,53.76623376623376
2019-11-08,51.16883116883116
2019-11-11,52.2077922077922
2019-11-13,48.57142857142857
2019-11-14,48.57142857142857
2019-11-15,48.83116883116883
2019-11-18,49.09090909090909
2019-11-19,50.12987012987013
2019-11-20,50.90909090909091
2019-11-21,49.61038961038961
2019-11-22,50.38961038961038
2019-11-25,52.2077922077922
2019-11-26,50.90909090909091
2019-11-27,51.42857142857142
2019-11-28,53.5064935064935
2019-11-29,53.76623376623376
2019-12-02,52.467532467532465
2019-12-03,50.38961038961038
2019-12-04,50.90909090909091
2019-12-05,49.87012987012987
2019-12-06,45.45454545454545
2019-12-09,45.97402597402597
2019-12-10,43.116883116883116
2019-12-11,44.15584415584416
2019-12-12,45.19480519480519
2019-12-13,47.01298701298701
2019-12-16,47.79220779220779
2019-12-17,48.05194805194805
2019-12-18,47.79220779220779
2019-12-19,48.311688311688314
2019-12-20,48.05194805194805
2019-12-23,47.79220779220779
2019-12-24,48.311688311688314
2019-12-26,47.79220779220779
2019-12-27,51.42857142857142
2019-12-30,51.42857142857142
2019-12-31,51.688311688311686
2020-01-01,53.246753246753244
2020-01-02,56.88311688311688
2020-01-03,55.84415584415584
2020-01-06,50.90909090909091
2020-01-07,52.98701298701298
2020-01-08,53.5064935064935
2020-01-09,57.66233766233766
2020-01-10,58.44155844155844
2020-01-13,59.74025974025974
2020-01-14,61.81818181818181
2020-01-15,63.63636363636363
2020-01-16,65.45454545454545
2020-01-17,66.23376623376623
2020-01-20,64.41558441558442
2020-01-21,63.63636363636363
2020-01-22,63.37662337662338
2020-01-23,65.45454545454545
2020-01-24,67.27272727272727
2020-01-27,65.28497409326425
2020-01-28,63.47150259067358
2020-01-29,65.28497409326425
2020-01-30,61.13989637305699
2020-01-31,61.398963730569946
2020-02-03,54.66321243523316
2020-02-04,58.03108808290155
2020-02-05,59.32642487046632
2020-02-06,63.47150259067358
2020-02-07,62.95336787564767
2020-02-10,60.10362694300518
2020-02-11,60.62176165803109
2020-02-12,58.549222797927456
2020-02-13,58.80829015544041
2020-02-14,57.2538860103627
2020-02-17,55.69948186528497
2020-02-18,53.626943005181346
2020-02-19,55.95854922279793
2020-02-20,56.994818652849744
2020-02-24,53.10880829015544
2020-02-25,52.331606217616574
2020-02-26,49.48186528497409
2020-02-27,49.22279792746114
2020-02-28,41.70984455958549
2020-03-02,39.89637305699482
2020-03-03,43.78238341968912
2020-03-04,42.487046632124354
2020-03-05,41.968911917098445
2020-03-06,38.34196891191709
2020-03-09,31.088082901554404
2020-03-11,29.533678756476682
2020-03-12,17.616580310880828
2020-03-13,21.761658031088082
2020-03-16,13.953488372093023
2020-03-17,13.695090439276486
2020-03-18,7.751937984496124
2020-03-19,6.718346253229974
2020-03-20,11.369509043927648
2020-03-23,4.909560723514212
2020-03-24,6.2015503875969
2020-03-25,8.010335917312661
2020-03-26,8.785529715762273
2020-03-27,8.527131782945736
2020-03-30,7.989690721649484
2020-03-31,9.536082474226804
2020-04-01,8.762886597938143
2020-04-03,8.505154639175258
2020-04-07,10.824742268041238
2020-04-08,12.371134020618557
2020-04-09,14.175257731958762
2020-04-13,15.463917525773196
2020-04-15,17.010309278350515
2020-04-16,17.2680412371134
2020-04-17,19.587628865979383
2020-04-20,19.329896907216497
2020-04-21,17.783505154639176
2020-04-22,18.556701030927837
2020-04-23,19.84536082474227
2020-04-24,18.814432989690722
2020-04-27,20.36082474226804
2020-04-28,20.618556701030926
2020-04-29,20.876288659793815
2020-04-30,21.90721649484536
2020-05-04,18.556701030927837
2020-05-05,16.237113402061855
2020-05-06,17.2680412371134
2020-05-07,17.010309278350515
2020-05-08,16.752577319587626
2020-05-11,16.49484536082474
2020-05-12,17.010309278350515
2020-05-13,18.814432989690722
2020-05-14,17.525773195876287
2020-05-15,17.783505154639176
2020-05-18,16.49484536082474
2020-05-19,17.525773195876287
2020-05-20,17.783505154639176
2020-05-21,19.329896907216497
2020-05-22,19.072164948453608
2020-05-26,19.072164948453608
2020-05-27,19.072164948453608
2020-05-28,20.876288659793815
2020-05-29,23.711340206185564
2020-06-01,25.51546391752577
2020-06-02,27.061855670103093
2020-06-03,28.09278350515464
2020-06-04,29.12371134020619
2020-06-05,31.185567010309278
2020-06-08,32.98969072164948
2020-06-09,32.7319587628866
2020-06-10,32.47422680412371
2020-06-11,30.670103092783506
2020-06-12,31.443298969072163
2020-06-15,30.670103092783506
2020-06-16,30.15463917525773
2020-06-17,32.7319587628866
2020-06-18,34.27835051546392
2020-06-19,36.597938144329895
2020-06-22,38.659793814432994
2020-06-23,41.49484536082475
2020-06-24,40.4639175257732
2020-06-25,39.175257731958766
2020-06-26,40.97938144329897
2020-06-29,39.175257731958766
2020-06-30,38.659793814432994
2020-07-01,39.948453608247426
2020-07-02,40.72164948453608
2020-07-03,42.78350515463917
2020-07-06,45.876288659793815
2020-07-07,46.134020618556704
2020-07-08,44.072164948453604
2020-07-09,44.329896907216494
2020-07-10,42.78350515463917
2020-07-13,44.84536082474227
2020-07-14,40.72164948453608
2020-07-15,40.20618556701031
2020-07-16,41.75257731958763
2020-07-17,44.072164948453604
2020-07-20,45.618556701030926
2020-07-21,47.16494845360825
2020-07-22,48.1958762886598
2020-07-23,48.96907216494845
2020-07-24,48.1958762886598
2020-07-27,44.84536082474227
2020-07-28,48.71134020618557
2020-07-29,48.45360824742268
2020-07-30,47.16494845360825
2020-07-31,47.680412371134025
2020-08-03,48.1958762886598
2020-08-04,50.51546391752577
2020-08-05,52.31958762886598
2020-08-06,54.123711340206185
2020-08-07,56.44329896907217
2020-08-10,58.50515463917526
2020-08-11,59.5360824742268
2020-08-12,59.79381443298969
2020-08-13,61.08247422680413
2020-08-14,60.051546391752574
2020-08-17,61.855670103092784
2020-08-18,64.43298969072166
2020-08-19,68.29896907216495
2020-08-20,69.3298969072165
2020-08-21,71.2082262210797
2020-08-24,72.23650385604114
2020-08-25,71.97943444730078
2020-08-26,75.06426735218508
2020-08-27,76.09254498714652
2020-08-28,76.60668380462725
2020-08-31,66.0668380462725
2020-09-01,67.60925449871465
2020-09-02,70.69408740359897
2020-09-03,71.2082262210797
2020-09-04,67.09511568123393
2020-09-07,66.58097686375322
2020-09-08,63.49614395886889
2020-09-09,61.43958868894601
2020-09-10,64.26735218508998
2020-09-11,65.55269922879178
2020-09-14,69.40874035989717
2020-09-15,69.1516709511568
2020-09-16,70.17994858611826
2020-09-17,68.97435897435898
2020-09-18,68.46153846153847
2020-09-21,62.05128205128205
2020-09-22,56.92307692307692
2020-09-23,57.692307692307686
2020-09-24,52.307692307692314
2020-09-25,57.179487179487175
2020-09-28,62.82051282051282
2020-09-29,62.30769230769231
2020-09-30,62.56410256410256
2020-10-01,64.35897435897436
2020-10-05,63.775510204081634
2020-10-06,64.79591836734694
2020-10-07,63.775510204081634
2020-10-08,64.28571428571429
2020-10-09,64.28571428571429
2020-10-12,61.832061068702295
2020-10-13,59.89847715736041
2020-10-14,60.15228426395939
2020-10-15,57.10659898477157
2020-10-16,59.390862944162436
2020-10-19,60.659898477157356
2020-10-20,61.6751269035533
2020-10-21,62.944162436548226
2020-10-22,64.21319796954315
2020-10-23,65.73604060913706
2020-10-26,65.73604060913706
2020-10-27,66.24365482233503
2020-10-28,64.9746192893401
2020-10-29,62.43654822335025
2020-10-30,62.43654822335025
2020-11-02,61.6751269035533
2020-11-03,64.21319796954315
2020-11-04,65.48223350253807
2020-11-05,70.05076142131979
2020-11-06,71.8274111675127
2020-11-09,73.09644670050761
2020-11-10,75.88832487309645
2020-11-11,78.42639593908629
2020-11-12,78.93401015228426
2020-11-13,79.94923857868021
2020-11-14,81.7258883248731
2020-11-17,84.51776649746193
2020-11-18,85.53299492385787
2020-11-19,86.5482233502538
2020-11-20,88.10126582278481
2020-11-23,89.1139240506329
2020-11-24,91.13924050632912
2020-11-25,90.88607594936708
2020-11-26,91.89873417721519
2020-11-27,92.15189873417722
2020-12-01,93.92405063291139
2020-12-02,94.17721518987342
2020-12-03,95.18987341772151
2020-12-04,95.44303797468355
2020-12-07,96.45569620253166
2020-12-08,96.20253164556962
2020-12-09,96.45569620253166
2020-12-10,96.45569620253166
2020-12-11,96.45569620253166
2020-12-14,96.70886075949367
2020-12-15,96.20253164556962
2020-12-16,96.45569620253166
2020-12-17,96.45569620253166
2020-12-18,96.45569620253166
2020-12-21,93.92405063291139
2020-12-22,94.68354430379748
2020-12-23,95.69620253164557
2020-12-24,95.44303797468355
2020-12-28,95.9493670886076
2020-12-29,95.9493670886076
2020-12-30,95.9493670886076
2020-12-31,96.20253164556962
2021-01-01,96.20253164556962
2021-01-04,96.20253164556962
2021-01-05,96.20253164556962
2021-01-06,96.45569620253166
2021-01-07,96.45569620253166
2021-01-08,96.45569620253166
2021-01-11,96.45569620253166
2021-01-12,96.45569620253166
2021-01-13,96.20253164556962
2021-01-14,96.45569620253166
2021-01-15,96.45569620253166
2021-01-18,96.45569620253166
2021-01-19,96.45569620253166
2021-01-20,96.45569620253166
2021-01-21,95.9493670886076
2021-01-22,93.92405063291139
2021-01-25,93.67088607594937
2021-01-27,92.40506329113924
2021-01-28,91.89873417721519
2021-01-29,90.65656565656566
2021-02-01,91.66666666666666
2021-02-02,92.42424242424242
2021-02-03,92.9471032745592
2021-02-04,94.7103274559194
2021-02-05,93.19899244332494
2021-02-08,94.20654911838791
2021-02-09,93.70277078085643
2021-02-10,92.69521410579345
2021-02-11,92.44332493702771
2021-02-12,93.19899244332494
2021-02-15,91.93954659949623
2021-02-16,92.69521410579345
2021-02-17,91.93954659949623
2021-02-18,91.93954659949623
2021-02-19,92.19143576826197
2021-02-22,90.6801007556675
2021-02-23,91.183879093199
2021-02-24,90.6801007556675
2021-02-25,91.183879093199
2021-02-26,90.7035175879397
2021-03-01,90.7035175879397
2021-03-02,91.20603015075378
2021-03-03,92.71356783919597
2021-03-04,92.71356783919597
2021-03-05,92.46231155778895
2021-03-08,92.71356783919597
2021-03-09,92.21105527638191
2021-03-10,91.95979899497488
2021-03-12,91.4572864321608
2021-03-15,89.69849246231156
2021-03-16,90.45226130653266
2021-03-17,87.68844221105527
2021-03-18,86.68341708542714
2021-03-19,86.46616541353383
2021-03-22,87.468671679198
2021-03-23,87.21804511278195
2021-03-24,86.46616541353383
2021-03-25,81.5
2021-03-26,83.29177057356608
2021-03-30,84.78802992518703
2021-03-31,84.78802992518703
2021-04-01,87.53117206982543
2021-04-05,84.53865336658353
2021-04-06,84.78802992518703
2021-04-07,86.78304239401497
2021-04-08,87.03241895261846
2021-04-09,88.5286783042394
2021-04-12,81.29675810473816
2021-04-13,83.29177057356608
2021-04-15,82.7930174563591
2021-04-16,83.79052369077307
2021-04-19,80.84577114427861
2021-04-20,81.8407960199005
2021-04-22,81.59203980099502
2021-04-23,82.08955223880598
2021-04-26,83.08457711442786
2021-04-27,84.07960199004975
2021-04-28,84.5771144278607
2021-04-29,83.5820895522388
2021-04-30,83.5820895522388
2021-05-03,83.08457711442786
2021-05-04,83.08457711442786
2021-05-05,83.83084577114428
2021-05-06,84.82587064676616
2021-05-07,84.82587064676616
2021-05-10,87.06467661691542
2021-05-11,87.31343283582089
2021-05-12,87.56218905472637
2021-05-14,86.56716417910447
2021-05-17,88.30845771144278
2021-05-18,88.80597014925374
2021-05-19,88.30845771144278
2021-05-20,88.30845771144278
2021-05-21,88.80597014925374
2021-05-24,89.30348258706468
2021-05-25,88.80597014925374
2021-05-26,89.55223880597015
2021-05-27,90.04975124378109
2021-05-28,90.54726368159204
2021-05-31,90.29850746268657
2021-06-01,89.55223880597015
2021-06-02,90.79601990049751
2021-06-03,91.29353233830845
2021-06-04,91.7910447761194
2021-06-07,93.03482587064677
2021-06-08,93.03482587064677
2021-06-09,91.7910447761194
2021-06-10,93.03482587064677
2021-06-11,93.78109452736318
2021-06-14,94.02985074626866
2021-06-15,94.02985074626866
2021-06-16,93.78109452736318
2021-06-17,93.03482587064677
2021-06-18,92.28855721393035
2021-06-21,93.03482587064677
2021-06-22,93.28358208955224
2021-06-23,93.03482587064677
2021-06-24,92.07920792079209
2021-06-25,92.57425742574257
2021-06-28,93.08641975308643
2021-06-29,92.5925925925926
2021-06-30,91.85185185185185
2021-07-01,91.60493827160494
2021-07-02,91.60493827160494
2021-07-05,92.09876543209876
2021-07-06,92.09876543209876
2021-07-07,92.5925925925926
2021-07-08,92.09876543209876
2021-07-09,91.85185185185185
2021-07-12,91.85185185185185
2021-07-13,92.09876543209876
2021-07-14,92.34567901234568
2021-07-15,92.34567901234568
2021-07-16,92.09876543209876
2021-07-19,91.37931034482759
2021-07-20,90.88669950738915
2021-07-22,90.88669950738915
2021-07-23,90.41769041769042
2021-07-26,90.41769041769042
2021-07-27,89.68058968058969
2021-07-28,88.45208845208845
2021-07-29,87.96068796068795
2021-07-30,88.6977886977887
2021-08-02,89.92628992628993
2021-08-03,89.92628992628993
2021-08-04,89.1891891891892
2021-08-05,87.46928746928747
2021-08-06,88.20638820638821
2021-08-09,87.22358722358723
2021-08-10,84.27518427518427
2021-08-11,82.55528255528255
2021-08-12,85.995085995086
2021-08-13,85.5036855036855
2021-08-16,83.33333333333334
2021-08-17,80.88235294117648
2021-08-18,81.12745098039215
2021-08-20,76.47058823529412
2021-08-23,71.88264058679707
2021-08-24,75.85365853658537
2021-08-25,76.58536585365854
2021-08-26,78.04878048780488
2021-08-27,78.78048780487805
2021-08-30,80.48780487804879
2021-08-31,80.97560975609757
2021-09-01,80.73170731707317
2021-09-02,81.70731707317073
2021-09-03,82.1951219512195
2021-09-06,82.68292682926828
2021-09-07,82.92682926829268
2021-09-08,83.17073170731707
2021-09-09,83.41463414634146
2021-09-13,83.41463414634146
2021-09-14,84.67153284671532
2021-09-15,85.88807785888078
2021-09-16,86.86131386861314
2021-09-17,85.40145985401459
2021-09-20,82.7250608272506
2021-09-21,83.21167883211679
2021-09-22,84.42822384428223
2021-09-23,85.40145985401459
2021-09-24,84.18491484184915
2021-09-27,83.94160583941606
2021-09-28,83.94160583941606
2021-09-29,84.42822384428223
2021-09-30,85.88807785888078
2021-10-01,85.64476885644768
2021-10-04,86.37469586374696
2021-10-05,86.13138686131386
2021-10-06,85.64476885644768
2021-10-07,85.88807785888078
2021-10-08,86.61800486618006
2021-10-11,86.89320388349515
2021-10-12,87.37864077669903
2021-10-13,88.3495145631068
2021-10-14,87.86407766990291
2021-10-18,87.62135922330097
2021-10-19,86.40776699029125
2021-10-20,84.70873786407766
2021-10-21,83.00970873786407
2021-10-22,81.79611650485437
2021-10-25,78.88349514563106
2021-10-26,80.33980582524272
2021-10-27,79.6116504854369
2021-10-28,77.18446601941747
2021-10-29,76.69902912621359
2021-11-01,78.88349514563106
2021-11-02,79.36893203883496
2021-11-03,78.39805825242718
2021-11-04,81.55339805825243
2021-11-08,82.52427184466019
2021-11-09,83.25242718446601
2021-11-10,82.32445520581115
2021-11-11,80.87167070217917
2021-11-12,81.1138014527845
2021-11-15,79.22705314009661
2021-11-16,77.77777777777779
2021-11-17,76.57004830917874
2021-11-18,74.51923076923077
2021-11-22,68.02884615384616
2021-11-23,70.50359712230215
2021-11-24,70.74340527577938
2021-11-25,71.46282973621103
2021-11-26,64.98800959232614
2021-11-29,63.78896882494005
2021-11-30,63.78896882494005
2021-12-01,64.26858513189448
2021-12-02,67.14628297362111
2021-12-03,68.10551558752998
2021-12-06,64.26858513189448
2021-12-07,67.86570743405275
2021-12-08,70.02398081534771
2021-12-09,70.26378896882494
2021-12-10,72.24880382775119
2021-12-13,70.81339712918661
2021-12-14,68.73508353221956
2021-12-15,68.4964200477327
2021-12-16,66.5871121718377
2021-12-17,60.859188544152744
2021-12-20,53.46062052505967
2021-12-21,55.714285714285715
2021-12-22,57.38095238095238
2021-12-23,59.285714285714285
2021-12-24,56.53206650831354
2021-12-27,57.00712589073634
2021-12-28,60.80760095011877
2021-12-29,61.995249406175766
2021-12-30,61.995249406175766
2021-12-31,62.94536817102138
2022-01-03,67.2209026128266
2022-01-04,66.5083135391924
2022-01-05,69.35866983372921
2022-01-06,67.6959619952494
2022-01-07,69.12114014251782
2022-01-10,70.54631828978623
2022-01-11,70.07125890736341
2022-01-12,70.07125890736341
2022-01-13,72.68408551068883
2022-01-14,71.97149643705463
2022-01-17,74.10926365795724
2022-01-18,68.40855106888361
2022-01-19,67.45843230403801
2022-01-20,66.9833729216152
2022-01-21,64.13301662707839
2022-01-24,55.58194774346793
2022-01-25,58.90736342042755
2022-01-27,56.057007125890735
2022-01-28,57.24465558194775
2022-01-31,59.38242280285036
2022-02-01,61.520190023752974
2022-02-02,64.8456057007126
2022-02-03,63.42042755344418
2022-02-04,61.04513064133017
2022-02-07,60.57007125890736
2022-02-08,57.345971563981045
2022-02-09,58.53080568720379
2022-02-10,58.767772511848335
2022-02-11,54.976303317535546
2022-02-14,46.080760095011875
2022-02-15,50.71090047393365
2022-02-16,52.00945626477541
2022-02-17,50.11820330969267
2022-02-18,49.881796690307326
2022-02-21,46.808510638297875
2022-02-22,41.60756501182033
2022-02-23,43.73522458628842
2022-02-24,29.078014184397162
2022-02-25,36.87943262411347
2022-02-28,39.2434988179669
2022-03-02,38.061465721040186
2022-03-03,38.53427895981088
2022-03-04,34.751773049645394
2022-03-07,29.78723404255319
2022-03-08,32.62411347517731
2022-03-09,35.46099290780142
2022-03-10,37.5886524822695
2022-03-11,39.2434988179669
2022-03-14,39.2434988179669
2022-03-15,36.87943262411347
2022-03-16,40.42553191489361
2022-03-17,43.262411347517734
2022-03-21,41.60756501182033
2022-03-22,42.5531914893617
2022-03-23,43.02600472813239
2022-03-24,43.02600472813239
2022-03-25,43.262411347517734
2022-03-28,41.74528301886792
2022-03-29,42.45283018867924
2022-03-30,45.75471698113208
2022-03-31,47.40566037735849
2022-04-01,49.056603773584904
2022-04-04,52.358490566037744
2022-04-05,53.301886792452834
2022-04-06,53.77358490566038
2022-04-07,53.06603773584906
2022-04-08,55.76470588235294
2022-04-11,55.294117647058826
2022-04-12,53.41176470588235
2022-04-13,53.64705882352941
2022-04-18,49.411764705882355
2022-04-19,48.470588235294116
2022-04-20,48.470588235294116
2022-04-21,52.470588235294116
2022-04-22,53.17647058823529
2022-04-25,48.23529411764706
2022-04-26,50.588235294117645
2022-04-27,50.117647058823536
2022-04-28,51.05882352941177
2022-04-29,47.76470588235294
2022-05-02,46.4622641509434
2022-05-04,39.294117647058826
2022-05-05,38.82352941176471
2022-05-06,34.11764705882353
2022-05-09,30.046948356807512
2022-05-10,27.400468384074944
2022-05-11,26.229508196721312
2022-05-12,23.653395784543328
2022-05-13,25.995316159250585
2022-05-16,26.93208430913349
2022-05-17,30.60747663551402
2022-05-18,32.476635514018696
2022-05-19,29.672897196261683
2022-05-20,33.41121495327103
2022-05-23,32.242990654205606
2022-05-24,31.46853146853147
2022-05-25,26.107226107226104
2022-05-26,28.438228438228435
2022-05-27,30.069930069930066
2022-05-30,33.56643356643357
2022-05-31,33.56643356643357
2022-06-01,34.731934731934736
2022-06-02,34.96503496503497
2022-06-03,33.1002331002331
2022-06-06,32.86713286713287
2022-06-07,30.069930069930066
2022-06-08,29.37062937062937
2022-06-09,29.603729603729604
2022-06-10,28.438228438228435
2022-06-13,23.076923076923077
2022-06-14,22.61072261072261
2022-06-15,23.543123543123542
2022-06-16,17.94871794871795
2022-06-17,17.715617715617714
2022-06-20,15.151515151515152
2022-06-21,17.24941724941725
2022-06-22,17.016317016317018
2022-06-23,17.715617715617714
2022-06-24,19.58041958041958
2022-06-27,20.97902097902098
2022-06-28,21.91142191142191
2022-06-29,22.144522144522146
2022-06-30,20.745920745920746
2022-07-01,22.61072261072261
2022-07-04,22.843822843822846
2022-07-05,23.076923076923077
2022-07-06,26.107226107226104
2022-07-07,27.03962703962704
2022-07-08,27.505827505827508
2022-07-11,29.836829836829835
2022-07-12,28.904428904428904
2022-07-13,30.069930069930066
2022-07-14,29.836829836829835
2022-07-15,30.536130536130536
2022-07-18,33.33333333333333
2022-07-19,35.1981351981352
2022-07-20,36.13053613053613
2022-07-21,39.62703962703963
2022-07-22,38.6946386946387
2022-07-25,39.16083916083916
2022-07-26,36.5967365967366
2022-07-27,38.46153846153847
2022-07-28,41.49184149184149
2022-07-29,45.92074592074592
2022-08-01,49.417249417249415
2022-08-02,51.515151515151516
2022-08-03,50.58275058275058
2022-08-04,50.349650349650354
2022-08-05,50.349650349650354
2022-08-08,51.74825174825175
2022-08-10,49.883449883449885
2022-08-11,54.07925407925408
2022-08-12,55.011655011655016
2022-08-16,56.87645687645687
2022-08-17,58.74125874125874
2022-08-18,60.83916083916085
2022-08-19,58.04195804195804
2022-08-22,54.77855477855478
2022-08-23,57.57575757575758
2022-08-24,57.80885780885781
2022-08-25,60.13986013986013
2022-08-26,60.93023255813953
2022-08-29,60.46511627906976
2022-08-30,62.7906976744186
2022-09-01,62.32558139534884
2022-09-02,62.558139534883715
2022-09-05,63.25581395348837
2022-09-06,63.72093023255814
2022-09-07,66.51162790697674
2022-09-08,67.90697674418604
2022-09-09,67.44186046511628
2022-09-12,70.23255813953489
2022-09-13,70.69767441860465
2022-09-14,70.46511627906978
2022-09-15,70.23255813953489
2022-09-16,64.4186046511628
2022-09-19,63.72093023255814
2022-09-20,65.81395348837209
2022-09-21,65.34883720930232
2022-09-22,65.11627906976744
2022-09-23,61.86046511627907
2022-09-26,53.02325581395348
2022-09-27,52.55813953488372
2022-09-28,51.86046511627907
2022-09-29,53.25581395348837
2022-09-30,56.74418604651162
2022-10-03,55.11627906976744
2022-10-04,61.395348837209305
2022-10-06,62.558139534883715
2022-10-07,62.093023255813954
2022-10-10,59.06976744186046
2022-10-11,55.11627906976744
2022-10-12,57.674418604651166
2022-10-13,56.74418604651162
2022-10-14,55.81395348837209
2022-10-17,56.51162790697675
2022-10-18,59.53488372093023
2022-10-19,59.62877030162414
2022-10-20,59.164733178654295
2022-10-21,57.772621809744784
2022-10-24,60.092807424593964
2022-10-25,60.32482598607889
2022-10-27,61.25290023201856
2022-10-28,60.556844547563806
2022-10-31,62.41299303944315
2022-11-01,64.2691415313225
2022-11-02,64.96519721577727
2022-11-03,64.50116009280742
2022-11-04,65.19721577726219
2022-11-07,66.5893271461717
2022-11-09,65.4292343387471
2022-11-10,65.04629629629629
2022-11-11,65.97222222222221
2022-11-14,67.5925925925926
2022-11-15,68.28703703703704
2022-11-16,66.05080831408776
2022-11-17,64.20323325635104
2022-11-18,62.21198156682027
2022-11-21,61.60919540229885
2022-11-22,62.15596330275229
2022-11-23,62.84403669724771
2022-11-24,64.90825688073394
2022-11-25,66.28440366972477
2022-11-28,68.34862385321101
2022-11-29,69.72477064220183
2022-11-30,72.47706422018348
2022-12-01,72.47706422018348
2022-12-02,72.93577981651376
2022-12-05,73.1651376146789
2022-12-06,72.47706422018348
2022-12-07,71.55963302752293
2022-12-08,72.01834862385321
2022-12-09,71.55963302752293
2022-12-12,71.3302752293578
2022-12-13,72.01834862385321
2022-12-14,72.01834862385321
2022-12-15,70.41284403669725
2022-12-16,69.26605504587155
2022-12-19,69.26605504587155
2022-12-20,68.57798165137615
2022-12-21,65.36697247706422
2022-12-22,61.69724770642202
2022-12-23,53.899082568807344
2022-12-26,58.02752293577982
2022-12-27,61.92660550458715
2022-12-28,62.61467889908256
2022-12-29,62.70022883295194
2022-12-30,62.24256292906178
2023-01-02,63.61556064073226
2023-01-03,63.38672768878718
2023-01-04,62.47139588100686
2023-01-05,62.70022883295194
2023-01-06,60.41189931350115
2023-01-09,62.24256292906178
2023-01-10,60.86956521739131
2023-01-11,59.95423340961098
2023-01-12,59.7254004576659
2023-01-13,61.098398169336384
2023-01-16,60.41189931350115
2023-01-17,58.81006864988558
2023-01-18,59.7254004576659
2023-01-19,59.7254004576659
2023-01-20,57.89473684210527
2023-01-23,58.58123569794051
2023-01-24,56.06407322654462
2023-01-25,54.23340961098398
2023-01-27,50.34324942791763
2023-01-30,50.34324942791763
2023-01-31,54.004576659038904
2023-02-01,52.63157894736842
2023-02-02,51.029748283752866
2023-02-03,50.57208237986271
2023-02-06,52.63157894736842
2023-02-07,52.8604118993135
2023-02-08,56.06407322654462
2023-02-09,56.06407322654462
2023-02-10,56.75057208237986
2023-02-13,55.60640732265446
2023-02-14,53.775743707093824
2023-02-15,55.37757437070938
2023-02-16,57.89473684210527
2023-02-17,55.1487414187643
2023-02-20,55.02283105022832
2023-02-21,53.19634703196348
2023-02-22,52.96803652968036
2023-02-23,52.054794520547944
2023-02-24,49.08675799086758
2023-02-27,47.48858447488584
2023-02-28,47.03196347031963
2023-03-01,48.63013698630137
2023-03-02,48.401826484018265
2023-03-03,50.456621004566216
2023-03-06,52.96803652968036
2023-03-08,54.337899543378995
2023-03-09,52.51141552511416
2023-03-10,52.28310502283106
2023-03-13,46.57534246575342
2023-03-14,46.57534246575342
2023-03-15,45.662100456621005
2023-03-16,44.06392694063927
2023-03-17,44.74885844748858
2023-03-20,42.69406392694064
2023-03-21,42.23744292237443
2023-03-22,44.06392694063927
2023-03-23,44.52054794520548
2023-03-24,42.465753424657535
2023-03-27,40.41095890410959
2023-03-28,39.49771689497717
2023-03-29,42.922374429223744
2023-03-31,46.34703196347032
2023-04-03,46.80365296803653
2023-04-05,49.77168949771689
2023-04-06,50.0
2023-04-10,51.369863013698634
2023-04-11,51.141552511415526
2023-04-12,51.82648401826484
2023-04-13,52.96803652968036
2023-04-17,53.65296803652968
2023-04-18,54.794520547945204
2023-04-19,54.5662100456621
2023-04-20,54.109589041095894
2023-04-21,53.19634703196348
2023-04-24,53.65296803652968
2023-04-25,54.5662100456621
2023-04-26,55.25114155251142
2023-04-27,56.16438356164384
2023-04-28,59.3607305936073
2023-05-02,60.04566210045662
2023-05-03,59.3607305936073
2023-05-04,62.55707762557078
2023-05-05,60.95890410958904
2023-05-08,63.013698630136986
2023-05-09,63.55353075170843
2023-05-10,63.55353075170843
2023-05-11,64.69248291571755
2023-05-12,64.2369020501139
2023-05-15,65.37585421412301
2023-05-16,65.14806378132118
2023-05-17,64.46469248291572
2023-05-18,63.1578947368421
2023-05-19,62.1867881548975
2023-05-22,63.097949886104786
2023-05-23,65.37585421412301
2023-05-24,64.2369020501139
2023-05-25,64.92027334851936
2023-05-26,66.74259681093395
2023-05-29,69.33638443935926
2023-05-30,69.0909090909091
2023-05-31,69.0909090909091
2023-06-01,69.77272727272728
2023-06-02,70.9090909090909
2023-06-05,72.5
2023-06-06,72.5
2023-06-07,74.54545454545455
2023-06-08,73.86363636363636
2023-06-09,71.88208616780045
2023-06-12,73.69614512471655
2023-06-13,74.82993197278913
2023-06-14,75.73696145124717
2023-06-15,74.60317460317461
2023-06-16,77.09750566893425
2023-06-19,77.09750566893425
2023-06-20,78.68480725623583
2023-06-21,79.13832199546485
2023-06-22,78.91156462585033
2023-06-23,76.41723356009071
2023-06-26,76.64399092970523
2023-06-27,77.55102040816327
2023-06-28,78.45804988662131
2023-06-30,80.04535147392289
2023-07-03,82.1917808219178
2023-07-04,81.9634703196347
2023-07-05,82.42009132420091
2023-07-06,82.64840182648402
2023-07-07,82.31292517006803
2023-07-10,80.72562358276643
2023-07-11,81.7351598173516
2023-07-12,81.9634703196347
2023-07-13,81.27853881278538
2023-07-14,82.99319727891157
2023-07-17,83.93665158371041
2023-07-18,83.14350797266515
2023-07-19,83.710407239819
2023-07-20,83.2579185520362
2023-07-21,82.80542986425338
2023-07-24,83.48416289592761
2023-07-25,84.05466970387245
2023-07-26,83.93665158371041
2023-07-27,84.77272727272728
2023-07-28,85.32731376975168
2023-07-31,86.13636363636363
2023-08-01,87.27272727272727
2023-08-02,86.13636363636363
2023-08-03,85.55304740406321
2023-08-04,86.00451467268623
2023-08-07,87.13318284424379
2023-08-08,86.45598194130926
2023-08-09,87.81038374717834
2023-08-10,87.3589164785553
2023-08-11,87.3589164785553
2023-08-14,84.42437923250564
2023-08-16,83.14606741573034
2023-08-17,84.26966292134831
2023-08-18,83.18385650224215
2023-08-21,82.99776286353467
2023-08-22,85.23489932885906
2023-08-23,85.90604026845638
2023-08-24,85.68232662192393
2023-08-25,85.23489932885906
2023-08-28,85.68232662192393
2023-08-29,86.35346756152126
2023-08-30,88.59060402684564
2023-08-31,87.24832214765101
2023-09-01,88.14317673378076
2023-09-04,89.70917225950782
2023-09-05,90.1565995525727
2023-09-06,91.49888143176734
2023-09-07,91.94630872483222
2023-09-08,92.84116331096197
2023-09-11,93.28859060402685
2023-09-12,91.94630872483222
2023-09-13,92.17002237136465
2023-09-14,92.61744966442953
2023-09-15,93.08035714285714
2023-09-18,92.84116331096197
2023-09-20,91.74107142857143
2023-09-21,90.84821428571429
2023-09-22,89.95535714285714
2023-09-25,90.17857142857143
2023-09-26,89.75501113585747
2023-09-27,90.88888888888889
2023-09-28,88.0
2023-09-29,89.77777777777777
2023-10-03,89.13525498891353
2023-10-04,88.91352549889136
2023-10-05,89.13525498891353
2023-10-06,89.13525498891353
2023-10-09,87.58314855875831
2023-10-10,88.69179600886919
2023-10-11,90.02217294900223
2023-10-12,90.02217294900223
2023-10-13,89.57871396895787
2023-10-16,89.57871396895787
2023-10-17,90.2439024390244
2023-10-18,88.93805309734513
2023-10-19,88.27433628318585
2023-10-20,86.72566371681415
2023-10-23,80.30973451327434
2023-10-25,79.42477876106194
2023-10-26,77.43362831858407
2023-10-27,79.86725663716814
2023-10-30,80.5739514348786
2023-10-31,79.69094922737307
2023-11-01,77.97356828193833
2023-11-02,80.39647577092511
2023-11-03,81.71806167400881
2023-11-06,83.48017621145375
2023-11-07,83.07692307692308
2023-11-08,83.2967032967033
2023-11-09,83.2967032967033
2023-11-10,83.07692307692308
2023-11-13,83.2967032967033
2023-11-15,84.83516483516483
2023-11-16,84.83516483516483
2023-11-17,86.37362637362638
2023-11-20,86.81318681318682
2023-11-21,86.81318681318682
2023-11-22,86.15384615384616
2023-11-23,86.5934065934066
2023-11-24,86.37362637362638
2023-11-28,86.5934065934066
2023-11-29,87.06140350877193
2023-11-30,86.87089715536105
2023-12-01,87.527352297593
2023-12-04,89.27789934354486
2023-12-05,89.49671772428884
2023-12-06,90.15317286652079
2023-12-07,90.35087719298247
2023-12-08,89.91228070175438
2023-12-11,89.25438596491229
2023-12-12,89.25438596491229
2023-12-13,89.91228070175438
2023-12-14,90.35087719298247
2023-12-15,90.13157894736842
2023-12-18,90.5701754385965
2023-12-19,91.22807017543859
2023-12-20,88.8402625820569
2023-12-21,89.30131004366812
2023-12-22,89.30131004366812
2023-12-26,89.73799126637554
2023-12-27,89.95633187772926
2023-12-28,89.95633187772926
2023-12-29,91.0480349344978
2024-01-01,90.17467248908298
2024-01-02,90.82969432314411
2024-01-03,90.17467248908298
2024-01-04,90.61135371179039
2024-01-05,90.61135371179039
2024-01-08,89.08296943231441
2024-01-09,89.51965065502183
2024-01-10,88.42794759825327
2024-01-11,88.42794759825327
2024-01-12,88.64628820960698
2024-01-15,88.42794759825327
2024-01-16,87.58169934640523
2024-01-17,87.14596949891067
2024-01-18,87.72321428571429
2024-01-19,85.83877995642702
2024-01-23,82.35294117647058
2024-01-24,83.44226579520696
2024-01-25,82.78867102396515
2024-01-29,83.44226579520696
2024-01-30,82.35294117647058
2024-01-31,83.2244008714597
2024-02-01,83.2244008714597
2024-02-02,83.00653594771242
2024-02-05,81.69934640522875
2024-02-06,82.57080610021787
2024-02-07,82.3913043478261
2024-02-08,80.43478260869566
2024-02-09,79.34782608695652
2024-02-12,77.82608695652173
2024-02-13,78.47826086956522
2024-02-14,79.13043478260869
2024-02-15,79.13043478260869
2024-02-16,80.8695652173913
2024-02-19,80.8695652173913
2024-02-20,81.08695652173913
2024-02-21,80.21739130434783
2024-02-22,80.65217391304348
2024-02-23,81.08695652173913
2024-02-26,80.21739130434783
2024-02-27,80.21739130434783
2024-02-28,78.26086956521739
2024-02-29,77.82608695652173
2024-03-01,79.13043478260869
2024-03-04,79.34782608695652
2024-03-05,78.04347826086956
2024-03-06,75.8695652173913
2024-03-07,76.30434782608695
2024-03-11,74.56521739130434
2024-03-12,73.26086956521739
2024-03-13,67.6086956521739
2024-03-14,70.65217391304348
2024-03-15,69.78260869565217
2024-03-18,70.65217391304348
2024-03-19,68.91304347826087
2024-03-20,68.69565217391305
2024-03-21,71.30434782608695
2024-03-22,72.60869565217392
2024-03-26,72.3913043478261
2024-03-27,72.60869565217392
2024-03-28,73.91304347826086
2024-04-01,76.95652173913044
2024-04-02,78.91304347826087
2024-04-03,80.0
2024-04-04,79.56521739130434
2024-04-05,79.13043478260869
2024-04-08,79.56521739130434
2024-04-09,79.34782608695652
2024-04-10,79.34782608695652
2024-04-12,79.17570498915401
2024-04-15,76.78958785249458
2024-04-16,76.13882863340564
2024-04-18,75.27114967462039
2024-04-19,75.27114967462039
2024-04-22,76.78958785249458
2024-04-23,77.27272727272727
2024-04-24,77.92207792207793
2024-04-25,77.7056277056277
2024-04-26,77.92207792207793
2024-04-29,78.35497835497836
2024-04-30,79.22077922077922
2024-05-02,78.57142857142857
2024-05-03,78.35497835497836
2024-05-06,77.48917748917748
2024-05-07,76.19047619047619
2024-05-08,75.75757575757575
2024-05-09,72.51082251082252
2024-05-10,73.59307359307358
2024-05-13,73.4341252699784
2024-05-14,76.02591792656588
2024-05-15,76.34408602150538
2024-05-16,76.34408602150538
2024-05-17,76.98924731182795
2024-05-21,75.6989247311828
2024-05-22,76.12903225806451
2024-05-23,76.39484978540773
2024-05-24,76.1802575107296
2024-05-27,75.9656652360515
2024-05-28,74.67811158798283
2024-05-29,73.8197424892704
2024-05-30,72.00854700854701
2024-05-31,70.94017094017094
2024-06-03,73.71794871794873
2024-06-04,64.52991452991454
2024-06-05,71.15384615384616
2024-06-06,74.78632478632478
2024-06-07,79.27350427350427
2024-06-10,79.48717948717949
2024-06-11,80.76923076923077
2024-06-12,81.62393162393163
2024-06-13,83.33333333333334
2024-06-14,83.76068376068376
2024-06-18,83.54700854700855
2024-06-19,82.47863247863248
2024-06-20,83.76068376068376
2024-06-21,82.6923076923077
2024-06-24,82.47863247863248
2024-06-25,82.26495726495726
2024-06-26,82.6923076923077
2024-06-27,82.47863247863248
2024-06-28,83.11965811965813
2024-07-01,85.04273504273505
2024-07-02,84.1880341880342
2024-07-03,83.97435897435898
2024-07-04,84.82905982905983
2024-07-05,85.04273504273505
2024-07-08,84.4017094017094
2024-07-09,84.82905982905983
2024-07-10,84.64818763326227
2024-07-11,85.07462686567165
2024-07-12,85.28784648187633
2024-07-15,84.86140724946695
2024-07-16,84.64818763326227
2024-07-18,84.64818763326227
2024-07-19,82.51599147121536
2024-07-22,83.15565031982942
2024-07-23,82.94243070362474
2024-07-24,84.00852878464818
2024-07-25,83.5820895522388
2024-07-26,84.64818763326227
2024-07-29,85.28784648187633
2024-07-30,86.56716417910447
2024-07-31,86.35394456289978
2024-08-01,85.9275053304904
2024-08-02,85.9275053304904
2024-08-05,81.87633262260128
2024-08-06,80.85106382978722
2024-08-07,82.76595744680851
2024-08-08,81.48936170212767
2024-08-09,82.16560509554141
2024-08-12,81.31634819532908
2024-08-13,79.02542372881356
2024-08-14,78.38983050847457
2024-08-16,80.08474576271186
2024-08-19,81.14406779661016
2024-08-20,81.5677966101695
2024-08-21,83.26271186440678
2024-08-22,83.89830508474576
2024-08-23,82.41525423728814
2024-08-26,83.26271186440678
2024-08-27,86.43326039387308
2024-08-28,83.47457627118644
2024-08-29,82.62711864406779
2024-08-30,83.26271186440678
2024-09-02,82.83898305084746
2024-09-03,83.08668076109936
2024-09-04,82.4524312896406
2024-09-05,82.8752642706131
2024-09-06,80.97251585623678
2024-09-09,80.12684989429175
2024-09-10,80.97251585623678
2024-09-11,79.70401691331924
2024-09-12,80.54968287526427
2024-09-13,82.8752642706131
2024-09-16,81.64556962025317
2024-09-17,81.0126582278481
2024-09-18,80.16877637130801
2024-09-19,78.27004219409282
2024-09-20,79.53586497890295
2024-09-23,80.59071729957806
2024-09-24,81.22362869198312
2024-09-25,80.80168776371308
2024-09-26,80.80168776371308
2024-09-27,81.43459915611815
2024-09-30,81.0126582278481
2024-10-01,80.16877637130801
2024-10-03,77.21518987341773
2024-10-04,75.10548523206751
2024-10-07,68.35443037974683
2024-10-08,72.78481012658227
2024-10-09,73.62869198312237
2024-10-10,74.0506329113924
2024-10-11,74.0506329113924
2024-10-14,73.41772151898735
2024-10-15,74.26160337552743
2024-10-16,73.62869198312237
2024-10-17,71.72995780590718
2024-10-18,71.30801687763713
2024-10-21,67.9324894514768
2024-10-22,59.36842105263158
2024-10-23,60.21052631578947
2024-10-24,59.578947368421055
2024-10-25,54.10526315789473
2024-10-28,56.51260504201681
2024-10-29,58.40336134453782
2024-10-30,60.95444685466378
2024-10-31,58.82352941176471
2024-11-01,61.13445378151261
2024-11-04,56.60377358490566
2024-11-05,61.038961038961034
2024-11-06,62.68343815513627
2024-11-07,61.0062893081761
2024-11-08,57.861635220125784
2024-11-11,55.13626834381551
2024-11-12,51.46443514644351
2024-11-13,45.0
2024-11-14,45.11434511434512
2024-11-18,43.45114345114345
2024-11-19,45.53014553014553
2024-11-21,42.20374220374221
2024-11-22,45.32224532224532
2024-11-25,50.311850311850314
2024-11-26,51.143451143451145
2024-11-27,52.282157676348554
2024-11-28,52.282157676348554
2024-11-29,53.941908713692946
2024-12-02,54.149377593360995
2024-12-03,57.46887966804979
2024-12-04,58.09128630705395
2024-12-05,59.54356846473029
2024-12-06,59.33609958506224
2024-12-09,60.58091286307054
2024-12-10,61.20331950207469
2024-12-11,62.03319502074689
2024-12-12,59.62732919254658
2024-12-13,58.59213250517599
2024-12-16,59.006211180124225
2024-12-17,56.31469979296067
2024-12-18,54.84536082474227
2024-12-19,52.88065843621399
2024-12-20,47.43326488706365
2024-12-23,47.63860369609856
2024-12-24,46.81724845995893
2024-12-26,45.37987679671458
2024-12-27,45.58521560574948
2024-12-30,43.44262295081967
2024-12-31,45.08196721311475
2025-01-01,46.51639344262295
2025-01-02,49.18032786885246
2025-01-03,49.59016393442623
2025-01-06,42.21311475409836
2025-01-07,44.4672131147541
2025-01-08,42.21311475409836
2025-01-09,40.16393442622951
2025-01-10,35.450819672131146
2025-01-13,28.893442622950822
2025-01-14,31.557377049180328
2025-01-15,31.762295081967213
2025-01-16,33.19672131147541
2025-01-17,33.60655737704918
2025-01-20,34.22131147540984
2025-01-21,31.762295081967213
2025-01-22,28.893442622950822
2025-01-23,30.737704918032787
2025-01-24,26.789366053169733
2025-01-27,21.472392638036812
2025-01-28,19.427402862985684
2025-01-29,24.489795918367346
2025-01-30,25.30612244897959
2025-01-31,28.163265306122447
2025-02-01,28.775510204081634
2025-02-03,27.346938775510203
2025-02-04,27.494908350305497
2025-02-05,29.735234215885946
2025-02-06,29.531568228105908
2025-02-07,29.531568228105908
2025-02-10,25.45824847250509
2025-02-11,19.34826883910387
2025-02-12,19.75560081466395
2025-02-13,18.94093686354379
2025-02-14,15.478615071283095
2025-02-17,14.867617107942973
2025-02-18,14.460285132382891
2025-02-19,16.463414634146343
2025-02-20,17.479674796747968
2025-02-21,18.69918699186992
2025-02-24,14.227642276422763
2025-02-25,15.447154471544716
2025-02-27,14.227642276422763
2025-02-28,10.569105691056912
2025-03-03,11.178861788617885
2025-03-04,10.975609756097562
2025-03-05,12.601626016260163
2025-03-06,14.634146341463413
2025-03-07,15.650406504065039
2025-03-10,13.008130081300814
2025-03-11,13.414634146341465
2025-03-12,13.211382113821138
2025-03-13,12.804878048780488
2025-03-17,13.008130081300814
2025-03-18,13.008130081300814
2025-03-19,18.089430894308943
2025-03-20,19.715447154471544
2025-03-21,21.951219512195124
2025-03-24,23.983739837398375
2025-03-25,23.3739837398374
2025-03-26,20.73170731707317
2025-03-27,22.96747967479675
2025-03-28,22.76422764227642
2025-04-01,21.138211382113823
2025-04-02,22.15447154471545
2025-04-03,24.390243902439025
2025-04-04,20.528455284552845
2025-04-07,14.43089430894309
2025-04-08,18.089430894308943
2025-04-09,16.666666666666664
2025-04-11,20.73170731707317
2025-04-15,26.21951219512195
2025-04-16,28.455284552845526
2025-04-17,30.48780487804878
2025-04-21,32.72357723577235
2025-04-22,34.34959349593496
2025-04-23,35.77235772357724
2025-04-24,34.959349593495936
2025-04-25,31.097560975609756
2025-04-28,31.70731707317073
2025-04-29,32.113821138211385
2025-04-30,30.284552845528456
2025-05-02,27.84552845528455
2025-05-05,30.89430894308943
2025-05-06,27.180527383367142
2025-05-07,30.223123732251523
2025-05-08,27.327935222672068
2025-05-09,24.493927125506072
2025-05-12,34.0080971659919
2025-05-13,35.62753036437247
2025-05-14,38.05668016194332
2025-05-15,40.48582995951417
2025-05-16,42.91497975708502
2025-05-19,45.95141700404859
2025-05-20,42.30769230769231
2025-05-21,44.534412955465584
2025-05-22,43.7246963562753
2025-05-23,45.546558704453446
2025-05-26,47.16599190283401
2025-05-27,47.77327935222672
2025-05-28,47.16599190283401
2025-05-29,49.19028340080971
2025-05-30,46.558704453441294
2025-06-02,47.983870967741936
2025-06-03,47.78225806451613
2025-06-04,47.983870967741936
2025-06-05,51.00806451612904
2025-06-06,52.016129032258064
2025-06-09,57.056451612903224
2025-06-10,57.25806451612904
2025-06-11,58.66935483870967
2025-06-12,54.03225806451613
2025-06-13,51.41129032258065
2025-06-16,54.83870967741935
2025-06-17,53.83064516129033
2025-06-18,51.61290322580645
2025-06-19,45.87525150905433
2025-06-20,47.88732394366197
2025-06-23,49.39759036144578
2025-06-24,51.606425702811244
2025-06-25,55.020080321285135
2025-06-26,55.62248995983936
2025-06-27,57.028112449799195
2025-06-30,58.43373493975904
2025-07-01,56.827309236947784
2025-07-02,56.024096385542165
2025-07-03,57.42971887550201
2025-07-04,59.036144578313255
2025-07-07,58.43373493975904
2025-07-08,59.23694779116466
2025-07-09,60.8433734939759
2025-07-10,60.040160642570285
2025-07-11,58.032128514056225
2025-07-14,58.032128514056225
2025-07-15,61.44578313253012
2025-07-16,63.05220883534136
2025-07-17,64.45783132530121
2025-07-18,62.048192771084345
2025-07-21,62.048192771084345
2025-07-22,61.64658634538153
2025-07-23,61.84738955823293
2025-07-24,62.44979919678715
2025-07-25,57.22891566265061
2025-07-28,53.21285140562249
2025-07-29,56.024096385542165
2025-07-30,56.024096385542165
2025-07-31,53.01204819277109
2025-08-01,48.393574297188756
2025-08-04,51.606425702811244
2025-08-05,51.80722891566265
2025-08-06,49.19678714859438
2025-08-07,50.20080321285141
2025-08-08,46.787148594377506
2025-08-11,47.389558232931726
2025-08-12,48.59437751004016
2025-08-13,50.20080321285141
2025-08-14,49.498997995991985
2025-08-18,53.707414829659314
2025-08-19,55.91182364729459
2025-08-20,57.31462925851704
2025-08-21,56.51302605210421
2025-08-22,54.50901803607214
2025-08-25,55.71142284569138
2025-08-26,51.10220440881763
2025-08-28,48.09619238476954
2025-08-29,46.6933867735471
2025-09-01,52.705410821643284
2025-09-02,54.50901803607214
2025-09-03,57.31462925851704
2025-09-04,56.1122244488978
2025-09-05,54.70941883767535
2025-09-08,56.1122244488978
2025-09-09,56.1122244488978
2025-09-10,58.517034068136276
2025-09-11,59.519038076152306
2025-09-12,60.92184368737475
2025-09-15,64.72945891783567
2025-09-16,66.93386773547094
2025-09-17,67.93587174348697
2025-09-18,67.53507014028057
2025-09-19,68.13627254509018
2025-09-22,65.13026052104209
2025-09-23,64.72945891783567
2025-09-24,60.72144288577155
2025-09-25,58.116232464929865
2025-09-26,51.703406813627254
2025-09-29,52.705410821643284
2025-09-30,53.90781563126252
2025-10-01,56.91382765531062
2025-10-03,58.91783567134269
2025-10-06,59.118236472945895
2025-10-07,61.523046092184366
2025-10-08,59.318637274549104
2025-10-09,59.719438877755515
2025-10-10,61.12224448897795
2025-10-13,59.519038076152306
2025-10-14,57.71543086172345
2025-10-15,60.0
2025-10-16,62.6
2025-10-17,62.2
2025-10-20,62.4
2025-10-21,62.8
2025-10-23,64.0
2025-10-24,62.8
2025-10-27,63.800000000000004
2025-10-28,63.4
2025-10-29,67.4
2025-10-30,66.0
2025-10-31,63.4
2025-11-03,65.8
2025-11-04,62.6
2025-11-06,56.99999999999999
2025-11-07,56.39999999999999
2025-11-10,56.8
2025-11-11,57.4
2025-11-12,59.8
2025-11-13,58.94308943089431
2025-11-14,58.4
2025-11-17,60.6
2025-11-18,58.8
2025-11-19,58.199999999999996
2025-11-20,57.8
2025-11-21,52.800000000000004
2025-11-24,51.0
2025-11-25,51.0
2025-11-26,54.400000000000006
2025-11-27,53.800000000000004
2025-11-28,52.800000000000004
2025-12-01,53.2
2025-12-02,53.0
2025-12-03,51.4
2025-12-04,51.2
2025-12-05,50.6
2025-12-08,45.6
2025-12-09,46.800000000000004
2025-12-10,46.400000000000006
2025-12-11,46.400000000000006
2025-12-12,48.6
2025-12-15,49.0
2025-12-16,47.199999999999996
2025-12-17,45.800000000000004
2025-12-18,44.800000000000004
2025-12-19,47.8
2025-12-22,49.0
2025-12-23,49.2
2025-12-24,48.6
2025-12-26,49.0
2025-12-29,46.800000000000004
2025-12-30,45.2
2025-12-31,49.0
2026-01-01,49.4
2026-01-02,52.6
2026-01-05,52.800000000000004
2026-01-06,51.4
2026-01-07,51.2
2026-01-08,43.4
2026-01-09,40.2
2026-01-12,38.800000000000004
2026-01-13,40.6
2026-01-14,40.0
2026-01-15,40.09433962264151
2026-01-16,33.0
2026-01-19,31.0
2026-01-20,26.400000000000002
2026-01-21,25.4
2026-01-22,27.800000000000004
2026-01-23,24.6
2026-01-27,24.2
2026-01-28,27.400000000000002
2026-01-29,27.6
2026-01-30,29.258517034068138
